product_id,product_title,product_description,product_price,product_url,image_urls,video_urls,audio_urls
B07CZDXDG8,"INIU Portable Charger, Slimmest 10000mAh 5V/3A Power Bank, USB C in&out High-Speed Charging Battery Pack, External Phone Powerbank Compatible with iPhone 16 15 14 13 12 Samsung S22 S21 Google iPad etc","From INIU--the SAFE Fast Charge Pro: Experience the safest charging with over 38 million global users. At INIU, we use only the highest-grade materials, so we do have the confidence to provide an industry-leading 3 years iNiu Care. Market's Thinnest 10000mAh: The market’s one and only 0.5-inch power bank that breaks the limit of 10000mAh, easily slipped into any travel lover's pockets or bag. Enjoy the days’ worth of charging capacity, enough to top up iPhone 8 3.6 times, Samsung S22 1.8 times, or AirPods Pro 13.2 times. Only 5% Got USB-C IN&OUT: INIU is the only 5% of power banks got a USB-C IN&OUT port. Unlike others only recharge via USB-C port, INIU can charge all devices with your USB-C cables directly. 3A High-Speed Charging: 3A fast charging fuels iPhone up to 78% in just one hour. INIU's AutoFit identifies and meets your device's ideal speed, charging double than 2.1A chargers. 15-Layer SAFE Charging: INIU's unique 15-Layer SmartProtect system shrugs off any unusual charging at the start. Take overheating risk and battery damage away from your devices. What You Get: INIU 10000mAh portable charger*1, 0.3M/1ft USB-A to USB-C Cable*1, travel pouch*1, user manual*1, INIU industry-leading 3-year iNiu Care and lifetime technical support.",$19.99,https://www.amazon.com/INIU-High-Speed-Flashlight-Powerbank-Compatible/dp/B07CZDXDG8/ref=zg_bs_g_wireless_d_sccl_19/144-2883413-9985456?psc=1,"['https://m.media-amazon.com/images/I/516tnauVb+L._AC_SX425_.jpg', 'https://images-na.ssl-images-amazon.com/images/I/516tnauVb+L._AC_UL232_SR232,232_.jpg', 'https://images-na.ssl-images-amazon.com/images/I/61RsRGUZORL._AC_UL232_SR232,232_.jpg', 'https://images-na.ssl-images-amazon.com/images/I/618IldYsx8L._AC_UL165_SR165,165_.jpg', 'https://images-na.ssl-images-amazon.com/images/I/71XP25lQmlL._AC_UL165_SR165,165_.jpg', 'https://images-na.ssl-images-amazon.com/images/I/61dp6J+8AEL._AC_UL165_SR165,165_.jpg', 'https://images-na.ssl-images-amazon.com/images/I/815W+8XpjzL._AC_UL165_SR165,165_.jpg', 'https://images-na.ssl-images-amazon.com/images/I/610Is66+KDL._AC_UL165_SR165,165_.jpg', 'https://images-na.ssl-images-amazon.com/images/I/51kUskDOgIL._AC_UL165_SR165,165_.jpg']",https://m.media-amazon.com/images/S/vse-vms-transcoding-artifact-us-east-1-prod/e5867289-861b-4672-9cc1-d4530be1b4ab/default.vertical.jobtemplate.mp4.480.mp4; https://m.media-amazon.com/images/S/vse-vms-transcoding-artifact-us-east-1-prod/4d7eba2e-ef7a-4b7d-a20f-4f8e2f72cf19/default.vertical.jobtemplate.mp4.480.mp4; https://m.media-amazon.com/images/S/vse-vms-transcoding-artifact-us-east-1-prod/087fcb2e-3a2e-46e3-8203-a17397af01e9/default.vertical.jobtemplate.mp4.480.mp4; ,
B07WRBDXZ8,"Misxi 2 Pack Hard PC Case with Tempered Glass Screen Protector Compatible with Apple Watch SE 2 (2024) SE Series 6 Series 5 Series 4 44mm, Black","Compatible model: Compatible with apple watch series 6/5/4/SE 44mm (Also compatible with new apple watch SE2 44mm) Overall protection: This case with glass screen protector is designed to offer external surface protection to your watch without compromising usability. Easy to install: Super easy to install for its snap-on design to avoid taking the straps off first. Kindly tip: These covers don't support while swimming because the water will get trapped underneath the cases. If you forget to take it off, you can wipe it out with a cloth or wipes. What you get: 2 x high performance PC hard case + dry and wet wipes.",$9.96,https://www.amazon.com/Misxi-Compatible-Protector-Tempered-Protective/dp/B07WRBDXZ8/ref=zg_bs_g_wireless_d_sccl_12/144-2883413-9985456?psc=1,"['https://m.media-amazon.com/images/I/61wDa7Ea5TL._AC_SX522_.jpg', 'https://images-na.ssl-images-amazon.com/images/I/61wDa7Ea5TL._AC_UL232_SR232,232_.jpg', 'https://images-na.ssl-images-amazon.com/images/I/61ykZG6XgUL._AC_UL232_SR232,232_.jpg', 'https://images-na.ssl-images-amazon.com/images/I/71mL4PJstkL._AC_UL165_SR165,165_.jpg', 'https://images-na.ssl-images-amazon.com/images/I/71i86dO+a+L._AC_UL165_SR165,165_.jpg', 'https://images-na.ssl-images-amazon.com/images/I/71n0CLT1viL._AC_UL165_SR165,165_.jpg', 'https://images-na.ssl-images-amazon.com/images/I/719mbYxctjL._AC_UL165_SR165,165_.jpg', 'https://images-na.ssl-images-amazon.com/images/I/616Z6TGxtRL._AC_UL165_SR165,165_.jpg', 'https://images-na.ssl-images-amazon.com/images/I/61T+qgI6ggL._AC_UL165_SR165,165_.jpg']",https://m.media-amazon.com/images/S/vse-vms-transcoding-artifact-us-east-1-prod/312ae0d7-7b5d-423a-9887-d7c21a585bb9/default.jobtemplate.mp4.480.mp4;,
B0CJMJS3DS,"NEW'C 3 Pack Designed for iPhone 16, iPhone 15, iPhone 15 Pro (6.1 inches) Screen Protector Tempered Glass,Case Friendly Ultra Resistant","Warning: not compatible with iPhone 15 Plus, 15 Pro Max, iPhone 16 Pro, 16 Plus,16 Pro Max The screen protector provides the maximum protection for iPhone 16, iPhone 15, iPhone 15 Pro (6.1 inches) touchscreen. The space between iPhone 16, iPhone 15, iPhone 15 Pro (6.1 inches) and the screen protector enables the proper space for the installation of most phone cases. Made with high quality 0.33mm thick premium tempered glass with rounded edges. Extremely high hardness: resists scratches up to 9H. High response and high transparency. High response and high transparency. Dust-free, fingerprint-free, one-push super easily installation, bubble free NEW'C iPhone 16, iPhone 15, iPhone 15 Pro (6.1 inches) Tempered Glass Screen Protector, delicate touch: coated on the back with a solid silicon adhesive which makes installation easy and attaches the film firmly so as not to affect the sensitivity of the touch screen",$6.88,https://www.amazon.com/NEWC-Designed-Protector-Tempered-Resistant/dp/B0CJMJS3DS/ref=zg_bs_g_wireless_d_sccl_1/144-2883413-9985456?psc=1,"['https://m.media-amazon.com/images/I/71O77qWEvXL._AC_SX522_.jpg', 'https://images-na.ssl-images-amazon.com/images/I/71O77qWEvXL._AC_UL232_SR232,232_.jpg', 'https://images-na.ssl-images-amazon.com/images/I/61mxw8nnB2L._AC_UL232_SR232,232_.jpg', 'https://images-na.ssl-images-amazon.com/images/I/71Qv8-7Rq0L._AC_UL165_SR165,165_.jpg', 'https://images-na.ssl-images-amazon.com/images/I/61nse7ikG2L._AC_UL165_SR165,165_.jpg', 'https://images-na.ssl-images-amazon.com/images/I/71T8NoomIvL._AC_UL165_SR165,165_.jpg', 'https://images-na.ssl-images-amazon.com/images/I/71ZbOD+joSL._AC_UL165_SR165,165_.jpg', 'https://images-na.ssl-images-amazon.com/images/I/61Verw+vISL._AC_UL165_SR165,165_.jpg']",https://m.media-amazon.com/images/S/vse-vms-transcoding-artifact-us-east-1-prod/77cd7cb0-e181-4151-84ee-bc1b2aed1496/default.vertical.jobtemplate.mp4.480.mp4; https://m.media-amazon.com/images/S/vse-vms-transcoding-artifact-us-east-1-prod/7956f632-68fd-431e-893f-8125c21d83cf/default.vertical.jobtemplate.mp4.480.mp4; ,
B0B76KJXWV,"Ailun 3 Pack Screen Protector for iPhone 14 Pro Max [6.7 inch] + 3 Pack Camera Lens Protector,Sensor Protection,Dynamic Island Compatible,Case Friendly Tempered Glass Film,[9H Hardness] - HD","Works For iPhone 14 Pro Max 2022 tempered glass screen protector and camera lens protector.Featuring maximum protection from scratches, scrapes, and bumps. Night shooting function: specially designed iPhone 14 Pro Max 6.7 Inch display 2022.The camera lens protector adopts the new technology of ""seamless"" integration of augmented reality, with light transmittance and night shooting function, without the need to design the flash hole position, when the flash is turned on at night, the original quality of photos and videos can be restored. It is 100% brand new, precise laser cut tempered glass, exquisitely polished. 0.33mm ultra-thin tempered glass screen protector provides sensor protection, maintains the original response sensitivity and touch, bringing you a good touch experience. Easiest Installation - Please watch our installation video tutorial before installation.Removing dust and aligning it properly before actual installation,no worrying about bubbles,enjoy your screen as if it wasn't there. 99.99% High-definition clear hydrophobic and oleophobic screen coating protects against sweat and oil residue from fingerprints,enhance the visibility of the screen.",$7.89,https://www.amazon.com/Ailun-Protector-Protection-Compatible-Friendly/dp/B0B76KJXWV/ref=zg_bs_g_wireless_d_sccl_26/144-2883413-9985456?psc=1,"['https://m.media-amazon.com/images/I/71fW+RXbrzL._AC_SX522_.jpg', 'https://images-na.ssl-images-amazon.com/images/I/71fW+RXbrzL._AC_UL232_SR232,232_.jpg', 'https://images-na.ssl-images-amazon.com/images/I/71j9N0Zr6vL._AC_UL232_SR232,232_.jpg', 'https://images-na.ssl-images-amazon.com/images/I/618UZdZoRwL._AC_UL165_SR165,165_.jpg', 'https://images-na.ssl-images-amazon.com/images/I/719csEODbtL._AC_UL165_SR165,165_.jpg', 'https://images-na.ssl-images-amazon.com/images/I/71JmeUUfJbL._AC_UL165_SR165,165_.jpg', 'https://images-na.ssl-images-amazon.com/images/I/61pZV0b0VaL._AC_UL165_SR165,165_.jpg', 'https://images-na.ssl-images-amazon.com/images/I/71a6LuJk2qL._AC_UL165_SR165,165_.jpg', 'https://images-na.ssl-images-amazon.com/images/I/61FK7EeQcSL._AC_UL165_SR165,165_.jpg']",https://m.media-amazon.com/images/S/vse-vms-transcoding-artifact-us-east-1-prod/6ba54082-1ea9-4b72-b033-782fe087d199/default.vertical.jobtemplate.mp4.480.mp4; https://m.media-amazon.com/images/S/vse-vms-transcoding-artifact-us-east-1-prod/1237f8cc-7e32-43f9-a7cf-9f1d3af6b5b7/default.vertical.jobtemplate.mp4.480.mp4; https://m.media-amazon.com/images/S/vse-vms-transcoding-artifact-us-east-1-prod/5f0e37fa-1b3e-440c-8501-04b330c7c305/default.vertical.jobtemplate.mp4.480.mp4; https://m.media-amazon.com/images/S/vse-vms-transcoding-artifact-us-east-1-prod/c3d3040f-e863-4433-b393-eaaac88d8b21/default.vertical.jobtemplate.mp4.480.mp4; ,
B0B283QP2N,"iPhone Charger Fast Charging 2 Pack Type C Wall Charger Block with 2 Pack [6FT&10FT] Long USB C to Lightning Cable for iPhone 14/13/12/12 Pro Max/11/Xs Max/XR/X,AirPods Pro","【MFi Certified Cable】Each cable contains a unique, verified serial number and an authorization chip issued by iphone to ensure 100% compatibility with any Lightning device.USB C to Lightning Cord fully supports the iOS version and all future updates. 【3X Fast Charging】The 20W USB-C port PD fast adapter wall charger and 6FT&10FT usb c to lightning fast charging cords,That is,it will charge your iPhone up to 50% power in just 30 minutes,and only takes 1.8 hours to charge your iPhone fully to save 1.5hrs more time for you! 【Superior Safety Fast Charging】FEEL2NICE 20W lightning charger has multipotent safety system ensures complete protection for your lightning devices. The ETL certified wall charger built-in over-voltage protection, features a stable voltage. the lightning cable built-in smart chip to match the current required by devices automatically. 【Universal Compatibility】Works With for iPhone 13/13Pro/13Pro Max 12/12 Mini/12 Pro/12 Pro Max/SE /11/11 Pro/11 Pro Max/XS/XS Max/XR/X 8 Plus, iPad.This 20 USB Wall Fast Charger also charge for iPhone 7 6 Plus, iPhone 5 5c 5s SE in a Original Charging Speed. 【What You Get 】2 pack of 20W USB-C iPhone charger and 2 pack of 6FT&10FT USB-C to Lightning charging cable are packed in a box，1 year worry-free refund and replacement guarantee. If you have any questions, don't hesitate to contact us! We promise to solve your problems within 24 Hours!",$11.99,https://www.amazon.com/Charger-charging-Certified-lightning-AirPods/dp/B0B283QP2N/ref=zg_bs_g_wireless_d_sccl_30/144-2883413-9985456?psc=1,"['https://m.media-amazon.com/images/I/6139YlK0EDL._AC_SY450_.jpg', 'https://images-na.ssl-images-amazon.com/images/I/6139YlK0EDL._AC_UL232_SR232,232_.jpg', 'https://images-na.ssl-images-amazon.com/images/I/514you0I4LL._AC_UL232_SR232,232_.jpg', 'https://images-na.ssl-images-amazon.com/images/I/51jMWghvunL._AC_UL232_SR232,232_.jpg', 'https://images-na.ssl-images-amazon.com/images/I/61IgjJQYhVL._AC_UL165_SR165,165_.jpg', 'https://images-na.ssl-images-amazon.com/images/I/71rtJF1huJL._AC_UL165_SR165,165_.jpg', 'https://images-na.ssl-images-amazon.com/images/I/61vArPT1I6L._AC_UL165_SR165,165_.jpg', 'https://images-na.ssl-images-amazon.com/images/I/61BU3BDGtCL._AC_UL165_SR165,165_.jpg', 'https://images-na.ssl-images-amazon.com/images/I/41oAopTX9BL._AC_UL165_SR165,165_.jpg', 'https://images-na.ssl-images-amazon.com/images/I/61q9hmplGFL._AC_UL165_SR165,165_.jpg']",https://m.media-amazon.com/images/S/vse-vms-transcoding-artifact-us-east-1-prod/cfa76f19-3821-4cee-8813-2b5a92c9bae0/default.vertical.jobtemplate.mp4.480.mp4; https://m.media-amazon.com/images/S/vse-vms-transcoding-artifact-us-east-1-prod/37bf3cc4-96d2-4807-9fa3-dae11a98c6ae/default.vertical.jobtemplate.mp4.480.mp4; https://m.media-amazon.com/images/S/vse-vms-transcoding-artifact-us-east-1-prod/b3f7f3da-883c-4b40-80a0-f83178496039/default.vertical.jobtemplate.mp4.480.mp4; https://m.media-amazon.com/images/S/vse-vms-transcoding-artifact-us-east-1-prod/3b43426a-4bde-4f48-a90a-a8235690bf1c/default.vertical.jobtemplate.mp4.480.mp4; ,
B0CMCT27SB,"Nelko Label Maker Machine with Tape, P21 Bluetooth Label Printer, Wireless Mini Label Makers with Multiple Templates for Organizing Office Home, Cyan","2024 New Version: Compared with the traditional label makers, half weight and size of the traditional label maker, smaller, smarter and convenient for users to carry. Wireless bluetooth label maker can slip into your pocket, allow printing anytime, anywhere. We recommend using our NELKO thermal label paper for good printing quality. Attention: For P21 Nelko APP iOS Users, Nelko iOS V2.7.0 printing multiple copies abnormal, please update Nelko APP to the latest version V2.7.1 High-quality Printing: Label Makers with BPA-Free Direct Thermal Technology. Equipped with high-speed chips and 203 DPI, you can enjoy high-definition without relying on ink or toner. Label maker built in durable rechargeable battery, it can work for a long time. This label maker is monochrome printout, which only prints black text. We can create color label and need to use color pattern label tapes for printing.（Note: Not including charging adapter, not suitable for fast charging adapter） Easy to Use: NELKO label printer compatible with IOS & Android Phone via bluetooth connection. Step 1: Download ""Nelko"" APP from Google Play or App Store. Step 2: Install the paper roll. Step 3: Connect the P21 bluetooth within APP. Step 4: Choose a quick template and start printing. It is not compatible with Google phones on Android 14. This label maker machine with tape APP included more than 90 +Fonts, 10+ Languages, 450+ Materials. (Note: This label maker doesn't work with computers) Multiple Creative Function&Templates: This app of the label maker provides various features and templates, easy to create various design label stickers from App with Text, QR code, Barcode, Materials, Images, Time and Borders, etc. The length of labels is fixed, including 12X40mm, 14X40mm, 14x50mm, 14x75mm, and more. Please do not tear or destruct the green sticker on the back of the label strip , otherwise it will affect the printing effect. (Note: Continuous label tapes are not supported) Design Your Own Labels: The label maker machine with tape is widely used in life and office. For Home, organizing your clothes, food storage, cosmetics items, and mailings. For Office, office organization includes notebook tags, price tags, reminder tags, and other office supplies. For School, label maker for classroom teacher and kids school items, personal item identification, name tags. Labeler makers bring you fun and convenience",$29.99,https://www.amazon.com/dp/B0CMCT27SB/ref=emc_bcc_2_i,"['https://m.media-amazon.com/images/I/71dnRDS++zL._AC_SY355_.jpg', 'https://images-na.ssl-images-amazon.com/images/I/71dnRDS++zL._AC_UL232_SR232,232_.jpg', 'https://images-na.ssl-images-amazon.com/images/I/71WrjrZEsxL._AC_UL232_SR232,232_.jpg', 'https://images-na.ssl-images-amazon.com/images/I/813hFjyydJL._AC_UL232_SR232,232_.jpg', 'https://images-na.ssl-images-amazon.com/images/I/61Xbzvf9KgL._AC_UL165_SR165,165_.jpg', 'https://images-na.ssl-images-amazon.com/images/I/71JoyAdJPDL._AC_UL165_SR165,165_.jpg', 'https://images-na.ssl-images-amazon.com/images/I/61sYzJdpAkL._AC_UL165_SR165,165_.jpg', 'https://images-na.ssl-images-amazon.com/images/I/51qvsjfgrJL._AC_UL165_SR165,165_.jpg', 'https://images-na.ssl-images-amazon.com/images/I/61Dfyaj2B8L._AC_UL165_SR165,165_.jpg', 'https://images-na.ssl-images-amazon.com/images/I/61+ryMfUGvL._AC_UL165_SR165,165_.jpg']",https://m.media-amazon.com/images/S/vse-vms-transcoding-artifact-us-east-1-prod/5648d9d1-de10-4d7f-b555-66c519d2cbc5/default.vertical.jobtemplate.mp4.480.mp4; https://m.media-amazon.com/images/S/vse-vms-transcoding-artifact-us-east-1-prod/651dccd9-4003-482d-a370-8e00d2f81521/default.vertical.jobtemplate.mp4.480.mp4; https://m.media-amazon.com/images/S/vse-vms-transcoding-artifact-us-east-1-prod/24763701-ca6b-4963-8f66-83c7161c712d/default.vertical.jobtemplate.mp4.480.mp4; https://m.media-amazon.com/images/S/vse-vms-transcoding-artifact-us-east-1-prod/adb0ef4f-f0be-4c86-a98b-4fdfa12de585/default.vertical.jobtemplate.mp4.480.mp4; https://m.media-amazon.com/images/S/vse-vms-transcoding-artifact-us-east-1-prod/6eaa0228-024d-4fcd-be07-785c99583985/default.jobtemplate.mp4.480.mp4; ,
B08LVSFN4X,"INIU Wireless Charger, 15W Fast Qi-Certified Wireless Charging Station with Sleep-Friendly Adaptive Light Compatible with iPhone 16 15 14 13 Pro XS 8 Plus Samsung Galaxy S23 S22 S21 Note 20 Google etc","From INIU--the SAFE Fast Charge Pro: Experience the safest charging with over 38 million global users. At INIU, we use only the highest-grade materials, so we do have the confidence to provide an industry-leading 3-Year iNiu Care. Save Up to 45 mins via Next-Gen 15W: Embrace INIU 15W speed-boosting charging with our all-new AirFuel tech - incredibly knocks off at least 45 minutes of your waiting time. No More Annoying Lights: Features the first-seen self-adaptive LED indicator to bright in the day and dim in the dark. So you’ll stay in the know yet without undesirable lights to disturb your sleep. 4 Upgraded Charging Modes: A high-efficiency chip provides 15W fast charge for LG, 10W fast charge for Samsung Galaxy, 7.5W fast charge for iPhone, and 5W standard charge for any other devices. Exclusive NTC Temp°Guard Battery Protection: It controls temp in real-time smartly and silently via the exceptional cutting-edge NTC Temp°Guard, to protect your phone battery against overheating and damage. Certified Super-Conductor Dual Coils, Wider Charging Area: The Dual Super Conductivity coils let you watch videos in landscape orientation, or stand in portrait mode for FaceTime call and facial recognition—all without ever cutting power. What You Get: INIU wireless charging station*1, USB C cable*1, welcome guide*1, industry-leading 3-Year iNiu Care, plus lifetime technical support.",$12.98,https://www.amazon.com/INIU-Wireless-Qi-Certified-Sleep-Friendly-Compatible/dp/B08LVSFN4X/ref=zg_bs_g_wireless_d_sccl_29/144-2883413-9985456?psc=1,"['https://m.media-amazon.com/images/I/71B+4V5YhnL._AC_SX342_.jpg', 'https://images-na.ssl-images-amazon.com/images/I/71B+4V5YhnL._AC_UL232_SR232,232_.jpg', 'https://images-na.ssl-images-amazon.com/images/I/5150+0n3RYL._AC_UL232_SR232,232_.jpg', 'https://images-na.ssl-images-amazon.com/images/I/51J1d8kZsCL._AC_UL232_SR232,232_.jpg', 'https://images-na.ssl-images-amazon.com/images/I/51ygvnrXAqL._AC_UL165_SR165,165_.jpg', 'https://images-na.ssl-images-amazon.com/images/I/71OZFxwI8iL._AC_UL165_SR165,165_.jpg', 'https://images-na.ssl-images-amazon.com/images/I/61Nv1zOv5lL._AC_UL165_SR165,165_.jpg', 'https://images-na.ssl-images-amazon.com/images/I/51KJm9gFGKL._AC_UL165_SR165,165_.jpg', 'https://images-na.ssl-images-amazon.com/images/I/51APB3Lj-YL._AC_UL165_SR165,165_.jpg', 'https://images-na.ssl-images-amazon.com/images/I/61FTKcWA7cL._AC_UL165_SR165,165_.jpg']",https://m.media-amazon.com/images/S/vse-vms-transcoding-artifact-us-east-1-prod/3a6c0c59-f023-4abc-82ad-f7a61abdd213/default.jobtemplate.mp4.480.mp4; https://m.media-amazon.com/images/S/vse-vms-transcoding-artifact-us-east-1-prod/d3d56baa-b88a-47f9-a688-c2e1b41b03dc/default.vertical.jobtemplate.mp4.480.mp4; ,
B0BRBY6888,"Nelko Bluetooth Thermal Shipping Label Printer, Wireless 4x6 Shipping Label Printer for Shipping Packages, Support Android, iPhone and Windows, Widely Used for Amazon, Ebay, Shopify (Black)","【Go Wireless by Bluetooth】Get the ""Shipping Printer Pro"" app from Google Play or Apple Store to print via Bluetooth on your NELKO Bluetooth thermal label printer for iOS and Android. Printing shipping labels has never been easier. Windows 7 or later computers can also print via Bluetooth. For Mac users with M1 or M2 CPUs, install the app from the App Store and connect to the printer via Bluetooth through the app. Don't connect directly via Bluetooth. 【Print via USB】For Windows (7 and later), Mac OS,Chrome OS, you can connect the desktop label printer via USB cable. [Note that Mac OS only works with USB connection, you can not print via Bluetooth] 【Good Helper for Cost Saving】Advanced thermal direct technology is adopted to achieve the printing speed of 150 mm/s, up to 72 sheets 4x6 labels/min. High speed brings high efficiency and helps your business grow faster! 203 DPI makes printing clearer. No ink, no toner, only thermal labels needed. Both fanfold labels and roll labels could be used. Label size: labels width ranges from 1.54"" to 4.1""(40-104 mm). Ideal for your online small business for shipping packages. 【Strong Platform Compatibility】egebdrker This bluetooth shipping label printer can work with virtually all platforms, including Amazon, Ebay, Shopify, USPS, UPS, Esty, PayPal, Poshmark,etc.(Note: Please remember to download the label to be printed on the corresponding platform before printing, then upload it to the editor APP ""Shipping Printer Pro"" for printing). 【Professional Brand】Printer driver, instruction videos and problem shooting videos are provided in U-Disk for better setting. NELKO support team provides free, lifetime, and technical support. If you have any questions about this bluetooth shipping label printer, please feel free to leave us a message.",$109.99,https://www.amazon.com/dp/B0BRBY6888/ref=emc_bcc_2_i,"['https://m.media-amazon.com/images/I/71lVjTXE+DL._AC_SY355_.jpg', 'https://images-na.ssl-images-amazon.com/images/I/71lVjTXE+DL._AC_UL232_SR232,232_.jpg', 'https://images-na.ssl-images-amazon.com/images/I/51vVYcPHfrL._AC_UL232_SR232,232_.jpg', 'https://images-na.ssl-images-amazon.com/images/I/71dtjet53gL._AC_UL165_SR165,165_.jpg', 'https://images-na.ssl-images-amazon.com/images/I/61sYzJdpAkL._AC_UL165_SR165,165_.jpg', 'https://images-na.ssl-images-amazon.com/images/I/71E0Y+Nvl7L._AC_UL165_SR165,165_.jpg', 'https://images-na.ssl-images-amazon.com/images/I/81VdviXvV-L._AC_UL165_SR165,165_.jpg', 'https://images-na.ssl-images-amazon.com/images/I/61aT846Q1LL._AC_UL165_SR165,165_.jpg', 'https://images-na.ssl-images-amazon.com/images/I/71DeS7wgH-L._AC_UL165_SR165,165_.jpg']",https://m.media-amazon.com/images/S/vse-vms-transcoding-artifact-us-east-1-prod/8aa20bf6-cf31-4af5-80f1-5afe2ab86b46/default.vertical.jobtemplate.mp4.480.mp4; https://m.media-amazon.com/images/S/vse-vms-transcoding-artifact-us-east-1-prod/1e26c199-8aca-4a0a-bedd-cfaddd20e0d9/default.vertical.jobtemplate.mp4.480.mp4; https://m.media-amazon.com/images/S/vse-vms-transcoding-artifact-us-east-1-prod/f52a3147-74ec-4941-95cd-eaf8030ee4fb/default.vertical.jobtemplate.mp4.480.mp4; https://m.media-amazon.com/images/S/vse-vms-transcoding-artifact-us-east-1-prod/124973e5-50cb-4e0b-8336-b401647c9dd3/default.vertical.jobtemplate.mp4.480.mp4; https://m.media-amazon.com/images/S/vse-vms-transcoding-artifact-us-east-1-prod/44eda286-663c-4bde-846d-c880a73e86fc/default.vertical.jobtemplate.mp4.480.mp4; https://m.media-amazon.com/images/S/vse-vms-transcoding-artifact-us-east-1-prod/c94bd632-a8b6-4d9b-b534-7866a464ab65/default.vertical.jobtemplate.mp4.480.mp4; ,
B0CVWZR8N1,"Nelko Label Maker Machine with Tape, PM220 Bluethooth Label Printer, 2 Inch Portable Thermal Printer for Small Business, Address, Logo, Clothing, Sticker Printer for Phones & PC, White","Easy to Use- PM220 Bluetooth Label Maker supports iOS & Android and PC. For iOS & Android mobile phone, please download the ""Nelko"" APP to Print via Bluethooth. For PC, you need to download the driver and APP for PM220 label printer, please visit "" nelkoprint.com"" to obtain the PM220 computer driver and APP. Notice: Please DO NOT connect directly via Bluetooth for all devices Powerful APP- The PM220 label maker machine with tape comes with label templates and can set up your own templates. This label printer allows you to customize and format labels, supporting various features such as QR codes, barcode labels, tables, materials, time, figures, text, icons. This label maker machine with tape APP included more than 90 +Fonts, 14+ Languages, 450+ Materials. Please do not tear or destruct the green sticker on the back of the label strip, otherwise it will affect the printing effect High-quality Printing- We recommend using our NELKO thermal label paper for good printing quality. Nelko Label Maker with Direct Thermal Technology. Equipped with high-speed chips, you can enjoy high-definition without relying on ink or toner. Nelko Bluethooth Label Maker Machine with Tape support label width 23-54mm（0.91""-2.12""). The Label printer comes with a Label Tape placed in the paper bin. Notice：Adjust the paper slot to secure the label tape properly according to the label size. Press the button on the right side to calibrate the label before printing Portable- 2 Inch PM220 label maker machine with tape compatible with smartphone & PC. Easily connect label printer to your smartphone in just 5 seconds for fast and convenient printing, label printer achieves convenient, smooth & fasts printing. Mini compact design, you can bring this portable label maker machine with tape to anywhere.（Note: charging adapter not included, not suitable for fast charging adapter.） Widely Use- The NELKO label maker machine with tape has a wide range of applications and creativity. Enjoy labels anywhere with PM220 label printer like small businesses: clothing, crafts, retail, jewelry, etc. Label address, barcode, transportation, price, date, ingredients, and product labeling. Ideal for a variety of labeling needs, including Christmas, Halloween, Thanksgiving, Father's Day, Mother's Day. This label maker machine with tape bringing great convenience to our work and life",$39.99,https://www.amazon.com/Nelko-PM220-Bluethooth-Portable-Business-dp-B0CVWZR8N1/dp/B0CVWZR8N1/ref=dp_ob_title_ce,"['https://m.media-amazon.com/images/I/8172+8zl4OL._AC_SY355_.jpg', 'https://images-na.ssl-images-amazon.com/images/I/8172+8zl4OL._AC_UL232_SR232,232_.jpg', 'https://images-na.ssl-images-amazon.com/images/I/61aT846Q1LL._AC_UL232_SR232,232_.jpg', 'https://images-na.ssl-images-amazon.com/images/I/61aT846Q1LL._AC_UL165_SR165,165_.jpg', 'https://images-na.ssl-images-amazon.com/images/I/71DeS7wgH-L._AC_UL165_SR165,165_.jpg', 'https://images-na.ssl-images-amazon.com/images/I/71XBdFFo5ZL._AC_UL165_SR165,165_.jpg', 'https://images-na.ssl-images-amazon.com/images/I/81DCRHobnbL._AC_UL165_SR165,165_.jpg', 'https://images-na.ssl-images-amazon.com/images/I/51qvsjfgrJL._AC_UL165_SR165,165_.jpg', 'https://images-na.ssl-images-amazon.com/images/I/61yC0m7eK2L._AC_UL165_SR165,165_.jpg']",https://m.media-amazon.com/images/S/vse-vms-transcoding-artifact-us-east-1-prod/d95b5345-2686-4f9c-922b-3ae54d38568d/default.vertical.jobtemplate.mp4.480.mp4; https://m.media-amazon.com/images/S/vse-vms-transcoding-artifact-us-east-1-prod/999b1f79-6d77-4f86-8d81-326d620590d9/default.vertical.jobtemplate.mp4.480.mp4; https://m.media-amazon.com/images/S/vse-vms-transcoding-artifact-us-east-1-prod/23f584d2-62a0-4bb9-91a4-5ba7fd295dcb/default.vertical.jobtemplate.mp4.480.mp4; ,
B0BFCC18FS,"3 in 1 Charging Station for iPhone, Wireless Charger for iPhone 16 15 14 13 12 11 X Pro Max & Apple Watch - Wireless Charging Station for AirPods 4 3 Pro","3 in 1 Wireless Charging Station : Designed for users of Apple products, wireless charging allows you to charge for iPhone and Apple watch & Airpods simultaneously with just one cable. With a built-in wide-range induction coil and wireless charger technology, it brings you an easy and convenient charging experience without the hassle of cluttered wires. Note: Please do not wear a case thicker than 5mm（0.2""）& Please update the system of the device promptly. 18W High Power Fast Charging : Quickly fully charger your smart device in just 3.5 hours，with a high-power 18W adapter and 3.3-foot type-c charging cable ( Phone supports up to 10W fast wireless charging). When the phone is fully charged, it will automatically switch to trickle protection mode to prevent overcharging. Note:If the phone case is magnetic, please remove the case and adjust the position before charging.(Note：Magnetic charging is not supported) More User-friendly And High Quality Design : Our wireless charging stand is made of special ABS material, with low energy consumption and fast heat dissipation, lightweight and space-saving design, it has a blue LED indicator when charging, if magnetic and metal accessories or credit cards are detected the light will go off and stop charging, Please remove it before charging. The charger is placed on the bedside table, the blue light is soft , without worrying about disturbing your sleep. Highly Compatible : Perfect 3 in 1 charging dock for Apple , Compatible with iPhone 16/16 Plus/16Pro/16 Pro max15/15 Plus/15Pro/15 Pro max/14/14 Plus/14Pro/14 Pro max/13/13Pro/13Pro Max/13 mini/12/12Pro/12Pro Max/12 mini/11/11Pro/11Pro Max/XS/XR/XS MAX/X/8/ 8Plus & Apple iWatch 9/8/7/6/5/4/3/2/1/SE/Ultra 1/2(Note：Not compatible with Apple Watch Series 10) & AirPods Pro2/Pro/4/3/2(Note：Airpods Only Support Mag-Safe Charging Case&Not compatible with Apple Watch Series 10) What You Get : Charging Station for Apple multiple devices, 18W adapter , 3.3ft type-c charging cable, user manual and friendly customer service . Please rest assured that every product we send to you has gone through a complete series of quality inspection procedures. If you have any questions about compatible with iPhone wireless charger station , please contact us and we will provide you with the best solution within 24 hours!",$18.99,https://www.amazon.com/Charging-Station-iPhone-Wireless-Charger/dp/B0BFCC18FS/ref=zg_bs_g_wireless_d_sccl_22/144-2883413-9985456?psc=1,"['https://m.media-amazon.com/images/I/61VwfUI+-eL._AC_SY355_.jpg', 'https://images-na.ssl-images-amazon.com/images/I/61VwfUI+-eL._AC_UL232_SR232,232_.jpg', 'https://images-na.ssl-images-amazon.com/images/I/71B+4V5YhnL._AC_UL232_SR232,232_.jpg', 'https://images-na.ssl-images-amazon.com/images/I/61q9hmplGFL._AC_UL232_SR232,232_.jpg', 'https://images-na.ssl-images-amazon.com/images/I/61cIq+mTLqL._AC_UL165_SR165,165_.jpg', 'https://images-na.ssl-images-amazon.com/images/I/61KOOcj58rL._AC_UL165_SR165,165_.jpg', 'https://images-na.ssl-images-amazon.com/images/I/71x0wZA8CNL._AC_UL165_SR165,165_.jpg', 'https://images-na.ssl-images-amazon.com/images/I/71Y8fTBR+ZL._AC_UL165_SR165,165_.jpg', 'https://images-na.ssl-images-amazon.com/images/I/61r-jH4l3nL._AC_UL165_SR165,165_.jpg', 'https://images-na.ssl-images-amazon.com/images/I/719riQa8xGL._AC_UL165_SR165,165_.jpg']",https://m.media-amazon.com/images/S/vse-vms-transcoding-artifact-us-east-1-prod/3f23f379-bed7-40cd-83ec-5bb6cacfd8b8/default.vertical.jobtemplate.mp4.480.mp4; https://m.media-amazon.com/images/S/vse-vms-transcoding-artifact-us-east-1-prod/68958d57-79e3-4528-94d4-d8d484e07f08/default.vertical.jobtemplate.mp4.480.mp4; ,
